CREATE DATABASE  IF NOT EXISTS `lookomic` /*!40100 DEFAULT CHARACTER SET utf8mb4 COLLATE utf8mb4_0900_ai_ci */ /*!80016 DEFAULT ENCRYPTION='N' */;
USE `lookomic`;

-- MySQL dump 10.13  Distrib 8.0.36, for Linux (x86_64)
--
-- Host: 127.0.0.1    Database: full-stack-ecommerce
-- ------------------------------------------------------
-- Server version	8.0.36

/*!40101 SET @OLD_CHARACTER_SET_CLIENT=@@CHARACTER_SET_CLIENT */;
/*!40101 SET @OLD_CHARACTER_SET_RESULTS=@@CHARACTER_SET_RESULTS */;
/*!40101 SET @OLD_COLLATION_CONNECTION=@@COLLATION_CONNECTION */;
/*!50503 SET NAMES utf8 */;
/*!40103 SET @OLD_TIME_ZONE=@@TIME_ZONE */;
/*!40103 SET TIME_ZONE='+00:00' */;
/*!40014 SET @OLD_UNIQUE_CHECKS=@@UNIQUE_CHECKS, UNIQUE_CHECKS=0 */;
/*!40014 SET @OLD_FOREIGN_KEY_CHECKS=@@FOREIGN_KEY_CHECKS, FOREIGN_KEY_CHECKS=0 */;
/*!40101 SET @OLD_SQL_MODE=@@SQL_MODE, SQL_MODE='NO_AUTO_VALUE_ON_ZERO' */;
/*!40111 SET @OLD_SQL_NOTES=@@SQL_NOTES, SQL_NOTES=0 */;

--
-- Table structure for table `address`
--

DROP TABLE IF EXISTS `address`;
/*!40101 SET @saved_cs_client     = @@character_set_client */;
/*!50503 SET character_set_client = utf8mb4 */;
CREATE TABLE `address` (
  `id` bigint NOT NULL AUTO_INCREMENT,
  `city` varchar(255) DEFAULT NULL,
  `region` varchar(255) DEFAULT NULL,
  `comuna` varchar(255) DEFAULT NULL,
  `street` varchar(255) DEFAULT NULL,
  `zip_code` varchar(255) DEFAULT NULL,
  PRIMARY KEY (`id`)
) ENGINE=InnoDB AUTO_INCREMENT=15 DEFAULT CHARSET=utf8mb4 COLLATE=utf8mb4_0900_ai_ci;
/*!40101 SET character_set_client = @saved_cs_client */;

--
-- Dumping data for table `address`
--

LOCK TABLES `address` WRITE;
/*!40000 ALTER TABLE `address` DISABLE KEYS */;
INSERT INTO `address` VALUES (1,'sfdsf',NULL,NULL,'fsfsf','19111'),(2,'afasa',NULL,NULL,'afasa','afasa'),(3,'sfdsf',NULL,NULL,'fsfsf','19111'),(4,'afasa',NULL,NULL,'afasa','afasa'),(5,'sfdsf',NULL,NULL,'fsfsf','19111'),(6,'afasa',NULL,NULL,'afasa','afasa'),(7,'sfdsf',NULL,NULL,'fsfsf','19111'),(8,'afasa',NULL,NULL,'afasa','afasa'),(9,'sfdsf',NULL,NULL,'fsfsf','19111'),(10,'afasa',NULL,NULL,'afasa','afasa'),(11,'sasaasasasasas','Tarapacá','Camiña','asasasasss','1234567'),(12,'sasaasasasasas','Tarapacá','Camiña','asasasasss','1234567'),(13,'saasasasas','Antofagasta','Calama','assasaasasasas','1234567'),(14,'saasasasas','Antofagasta','Calama','assasaasasasas','1234567');
/*!40000 ALTER TABLE `address` ENABLE KEYS */;
UNLOCK TABLES;

--
-- Table structure for table `comuna`
--

DROP TABLE IF EXISTS `comuna`;
/*!40101 SET @saved_cs_client     = @@character_set_client */;
/*!50503 SET character_set_client = utf8mb4 */;
CREATE TABLE `comuna` (
  `id` int NOT NULL AUTO_INCREMENT,
  `nombre` varchar(255) NOT NULL,
  `codigo` varchar(10) NOT NULL,
  `id_region` int NOT NULL,
  PRIMARY KEY (`id`),
  KEY `id_region` (`id_region`),
  CONSTRAINT `comuna_ibfk_1` FOREIGN KEY (`id_region`) REFERENCES `region` (`id`)
) ENGINE=InnoDB AUTO_INCREMENT=347 DEFAULT CHARSET=utf8mb4 COLLATE=utf8mb4_0900_ai_ci;
/*!40101 SET character_set_client = @saved_cs_client */;

--
-- Dumping data for table `comuna`
--

LOCK TABLES `comuna` WRITE;
/*!40000 ALTER TABLE `comuna` DISABLE KEYS */;
INSERT INTO `comuna` VALUES (1,'Arica','ap0101',1),(2,'Camarones','ap0102',1),(3,'Putre','ap0201',1),(4,'General Lagos','ap0202',1),(5,'Iquique','ta0101',2),(6,'Alto Hospicio','ta0102',2),(7,'Pozo Almonte','ta0201',2),(8,'Camiña','ta0202',2),(9,'Colchane','ta0203',2),(10,'Huara','ta0204',2),(11,'Pica','ta0205',2),(12,'Antofagasta','an0101',3),(13,'Mejillones','an0102',3),(14,'Sierra Gorda','an0103',3),(15,'Taltal','an0104',3),(16,'Calama','an0201',3),(17,'Ollagüe','an0202',3),(18,'San Pedro de Atacama','an0203',3),(19,'Tocopilla','an0301',3),(20,'María Elena','an0302',3),(21,'Copiapó','at0101',4),(22,'Caldera','at0102',4),(23,'Tierra Amarilla','at0103',4),(24,'Chañaral','at0201',4),(25,'Diego de Almagro','at0202',4),(26,'Vallenar','at0301',4),(27,'Alto del Carmen','at0302',4),(28,'Freirina','at0303',4),(29,'Huasco','at0304',4),(30,'La Serena','co0101',5),(31,'Coquimbo','co0102',5),(32,'Andacollo','co0103',5),(33,'La Higuera','co0104',5),(34,'Paiguano','co0105',5),(35,'Vicuña','co0106',5),(36,'Illapel','co0201',5),(37,'Canela','co0202',5),(38,'Los Vilos','co0203',5),(39,'Salamanca','co0204',5),(40,'Ovalle','co0301',5),(41,'Combarbalá','co0302',5),(42,'Monte Patria','co0303',5),(43,'Punitaqui','co0304',5),(44,'Río Hurtado','co0305',5),(45,'Valparaíso','vs0101',6),(46,'Casablanca','vs0102',6),(47,'Concón','vs0103',6),(48,'Juan Fernández','vs0104',6),(49,'Puchuncaví','vs0105',6),(50,'Quintero','vs0107',6),(51,'Viña del Mar','vs0109',6),(52,'Isla de Pascua','vs0201',6),(53,'Los Andes','vs0301',6),(54,'Calle Larga','vs0302',6),(55,'Riconada','vs0303',6),(56,'San Esteban','vs0304',6),(57,'La Ligua','vs0401',6),(58,'Cabildo','vs0402',6),(59,'Papudo','vs0403',6),(60,'Petorca','vs0404',6),(61,'Zapallar','vs0405',6),(62,'Quillota','vs0501',6),(63,'Calera','vs0502',6),(64,'Hijuelas','vs0503',6),(65,'La Cruz','vs0504',6),(66,'Nogales','vs0506',6),(67,'San Antonio','vs0601',6),(68,'Algarrobo','vs0602',6),(69,'Cartagena','vs0603',6),(70,'El Quisco','vs0604',6),(71,'El Tabo','vs0605',6),(72,'Santo Domingo','vs0606',6),(73,'San Felipe','vs0701',6),(74,'Catemu','vs0702',6),(75,'Llaillay','vs0703',6),(76,'Panquehue','vs0704',6),(77,'Putaendo','vs0705',6),(78,'Santa María','vs0706',6),(79,'Quilpué','vs0801',6),(80,'Limache','vs0802',6),(81,'Olmué','vs0803',6),(82,'Villa Alemana','vs0804',6),(83,'Rancagua','li0101',7),(84,'Codegua','li0102',7),(85,'Coinco','li0103',7),(86,'Coltauco','li0104',7),(87,'Doñihue','li0105',7),(88,'Graneros','li0106',7),(89,'Las Cabras','li0107',7),(90,'Machalí','li0108',7),(91,'Malloa','li0109',7),(92,'Mostazal','li0110',7),(93,'Olivar','li0111',7),(94,'Peumo','li0112',7),(95,'Pichidegua','li0113',7),(96,'Quinta de Tilcoco','li0114',7),(97,'Rengo','li0115',7),(98,'Requínoa','li0116',7),(99,'San Vicente','li0117',7),(100,'Pichilemu','li0201',7),(101,'La Estrella','li0202',7),(102,'Litueche','li0203',7),(103,'Marichihue','li0204',7),(104,'Navidad','li0205',7),(105,'Paredones','li0206',7),(106,'San Fernando','li0301',7),(107,'Chépica','li0302',7),(108,'Chimbarongo','li0303',7),(109,'Lolol','li0304',7),(110,'Nancagua','li0305',7),(111,'Palmilla','li0306',7),(112,'Peralillo','li0307',7),(113,'Placilla','li0308',7),(114,'Pumanque','li0309',7),(115,'Santa Cruz','li0310',7),(116,'Talca','ml0101',8),(117,'Constitución','ml0102',8),(118,'Curepto','ml0103',8),(119,'Empedrado','ml0104',8),(120,'Maule','ml0105',8),(121,'Pelarco','ml0106',8),(122,'Pencahue','ml0107',8),(123,'Río Claro','ml0108',8),(124,'San Clemente','ml0109',8),(125,'San Rafael','ml0110',8),(126,'Cauquenes','ml0201',8),(127,'Chanco','ml0202',8),(128,'Pelluhue','ml0203',8),(129,'Curicó','ml0301',8),(130,'Hualañé','ml0302',8),(131,'Licantén','ml0303',8),(132,'Molina','ml0304',8),(133,'Rauco','ml0305',8),(134,'Romeral','ml0306',8),(135,'Sagrada Familia','ml0307',8),(136,'Teno','ml0308',8),(137,'Vichuquén','ml0309',8),(138,'Linares','ml0401',8),(139,'Colbún','ml0402',8),(140,'Longaví','ml0403',8),(141,'Parral','ml0404',8),(142,'Retiro','ml0405',8),(143,'San Javier','ml0406',8),(144,'Villa Alegre','ml0407',8),(145,'Yerbas Buenas','ml0408',8),(146,'Concepción','bi0101',9),(147,'Coronel','bi0102',9),(148,'Chiguayante','bi0103',9),(149,'Florida','bi0104',9),(150,'Hualqui','bi0105',9),(151,'Lota','bi0106',9),(152,'Penco','bi0107',9),(153,'San Pedro de la Paz','bi0108',9),(154,'Santa Juana','bi0109',9),(155,'Talcahuano','bi0110',9),(156,'Tomé','bi0111',9),(157,'Hualpén','bi0112',9),(158,'Lebu','bi0201',9),(159,'Arauco','bi0202',9),(160,'Cañete','bi0203',9),(161,'Contulmo','bi0204',9),(162,'Curanilahue','bi0205',9),(163,'Los Álamos','bi0206',9),(164,'Tirúa','bi0207',9),(165,'Los Ángeles','bi0301',9),(166,'Antuco','bi0302',9),(167,'Cabrero','bi0303',9),(168,'Laja','bi0304',9),(169,'Mulchén','bi0305',9),(170,'Nacimiento','bi0306',9),(171,'Negrete','bi0307',9),(172,'Quilaco','bi0308',9),(173,'Quilleco','bi0309',9),(174,'San Rosendo','bi0310',9),(175,'Santa Bárbara','bi0311',9),(176,'Tucapel','bi0312',9),(177,'Yumbel','bi0313',9),(178,'Alto Biobío','bi0314',9),(179,'Bulnes','nb0101',10),(180,'Chillán','nb0102',10),(181,'Chillán Viejo','nb0103',10),(182,'El Carmen','nb0104',10),(183,'Pemuco','nb0105',10),(184,'Pinto','nb0106',10),(185,'Quillón','nb0107',10),(186,'San Ignacio','nb0108',10),(187,'Yungay','nb0109',10),(188,'Cobquecura','nb0201',10),(189,'Coelemu','nb0202',10),(190,'Ninhue','nb0203',10),(191,'Portezuelo','nb0204',10),(192,'Quirihue','nb0205',10),(193,'Ránquil','nb0206',10),(194,'Treguaco','nb0207',10),(195,'Coihueco','nb0301',10),(196,'Ñiquén','nb0302',10),(197,'San Carlos','nb0303',10),(198,'San Fabián','nb0304',10),(199,'San Nicolas','nb0305',10),(200,'Temuco','ar0101',11),(201,'Carahu','ar0102',11),(202,'Cunco','ar0103',11),(203,'Curarrehue','ar0104',11),(204,'Freire','ar0105',11),(205,'Galvarin','ar0106',11),(206,'Gorbea','ar0107',11),(207,'Lautaro','ar0108',11),(208,'Loncoche','ar0109',11),(209,'Melipeuco','ar0110',11),(210,'Nueva Imperial','ar0111',11),(211,'Padre las Casa','ar0112',11),(212,'Perquenco','ar0113',11),(213,'Pitrufquén','ar0114',11),(214,'Pucó','ar0115',11),(215,'Saavedra','ar0116',11),(216,'Teodoro Schmid','ar0117',11),(217,'Toltén','ar0118',11),(218,'Vilcún','ar0119',11),(219,'Villarrica','ar0120',11),(220,'Cholchol','ar0121',11),(221,'Angol','ar0201',11),(222,'Collipulli','ar0202',11),(223,'Curacautín','ar0203',11),(224,'Ercilla','ar0204',11),(225,'Lonquimay','ar0205',11),(226,'Los Sauces','ar0206',11),(227,'Lumaco','ar0207',11),(228,'Purén','ar0208',11),(229,'Renaico','ar0209',11),(230,'Traiguén','ar0210',11),(231,'Victoria','ar0211',11),(232,'Valdivia','lr0101',12),(233,'Corral','lr0102',12),(234,'Lanco','lr0103',12),(235,'Los Lagos','lr0104',12),(236,'Máfil','lr0105',12),(237,'Mariquina','lr0106',12),(238,'Paillaco','lr0107',12),(239,'Panguipulli','lr0108',12),(240,'La Unión','lr0201',12),(241,'Futrono','lr0202',12),(242,'Lago Ranco','lr0203',12),(243,'Río Bueno','lr0204',12),(244,'Puerto Montt','ll0101',13),(245,'Calbuco','ll0102',13),(246,'Cochamó','ll0103',13),(247,'Fresia','ll0104',13),(248,'Frutillar','ll0105',13),(249,'Los Muermos','ll0106',13),(250,'Llanquihue','ll0107',13),(251,'Maullín','ll0108',13),(252,'Puerto Varas','ll0109',13),(253,'Castro','ll0201',13),(254,'Ancud','ll0202',13),(255,'Chonchi','ll0203',13),(256,'Curaco de Vélez','ll0204',13),(257,'Dalcahue','ll0205',13),(258,'Puqueldón','ll0206',13),(259,'Queilén','ll0207',13),(260,'Quellón','ll0208',13),(261,'Quemchi','ll0209',13),(262,'Quinchao','ll0210',13),(263,'Osorno','ll0301',13),(264,'Puerto Octay','ll0302',13),(265,'Purranque','ll0303',13),(266,'Puyehue','ll0304',13),(267,'Río Negro','ll0305',13),(268,'San Juan de la Costa','ll0306',13),(269,'San Pablo','ll0307',13),(270,'Chaitén','ll0401',13),(271,'Futaleufú','ll0402',13),(272,'Hualaihué','ll0403',13),(273,'Palena','ll0404',13),(274,'Coyhaique','ai0101',14),(275,'Lago Verde','ai0102',14),(276,'Aisén','ai0201',14),(277,'Cisnes','ai0202',14),(278,'Guaitecas','ai0203',14),(279,'Cochrane','ai0301',14),(280,'O’Higgins','ai0302',14),(281,'Tortel','ai0303',14),(282,'Chile Chico','ai0401',14),(283,'Río Ibáñez','ai0402',14),(284,'Punta Arenas','ma0101',15),(285,'Laguna Blanca','ma0102',15),(286,'Río Verde','ma0103',15),(287,'San Gregorio','ma0104',15),(288,'Cabo de Hornos (Ex. Navarino)','ma0201',15),(289,'Antártica','ma0202',15),(290,'Porvenir','ma0301',15),(291,'Primavera','ma0302',15),(292,'Timaukel','ma0303',15),(293,'Natales','ma0401',15),(294,'Torres del Paine','ma0402',15),(295,'Santiago','rm0101',16),(296,'Cerrillos','rm0102',16),(297,'Cerro Navia','rm0103',16),(298,'Conchalí','rm0104',16),(299,'El Bosque','rm0105',16),(300,'Estación Central','rm0106',16),(301,'Huechuraba','rm0107',16),(302,'Independencia','rm0108',16),(303,'La Cisterna','rm0109',16),(304,'La Florida','rm0110',16),(305,'La Granja','rm0111',16),(306,'La Pintana','rm0112',16),(307,'La Reina','rm0113',16),(308,'Las Condes','rm0114',16),(309,'Lo Barnechea','rm0115',16),(310,'Lo Espejo','rm0116',16),(311,'Lo Prado','rm0117',16),(312,'Macul','rm0118',16),(313,'Maipú','rm0119',16),(314,'Ñuñoa','rm0120',16),(315,'Pedro Aguirre Cerda','rm0121',16),(316,'Peñalolén','rm0122',16),(317,'Providencia','rm0123',16),(318,'Pudahuel','rm0124',16),(319,'Quilicura','rm0125',16),(320,'Quinta Normal','rm0126',16),(321,'Recoleta','rm0127',16),(322,'Renca','rm0128',16),(323,'San Joaquín','rm0129',16),(324,'San Miguel','rm0130',16),(325,'San Ramón','rm0131',16),(326,'Vitacura','rm0132',16),(327,'Puente Alto','rm0201',16),(328,'Pirque','rm0202',16),(329,'San José de Maipo','rm0203',16),(330,'Colina','rm0301',16),(331,'Lampa','rm0302',16),(332,'Tiltil','rm0303',16),(333,'San Bernardo','rm0401',16),(334,'Buin','rm0402',16),(335,'Calera de Tango','rm0403',16),(336,'Paine','rm0404',16),(337,'Melipilla','rm0501',16),(338,'Alhué','rm0502',16),(339,'Curacaví','rm0503',16),(340,'María Pinto','rm0504',16),(341,'San Pedro','rm0505',16),(342,'Talagante','rm0601',16),(343,'El Monte','rm0602',16),(344,'Isla de Maipo','rm0603',16),(345,'Padre Hurtado','rm0604',16),(346,'Peñaflor','rm0605',16);
/*!40000 ALTER TABLE `comuna` ENABLE KEYS */;
UNLOCK TABLES;

--
-- Table structure for table `customer`
--

DROP TABLE IF EXISTS `customer`;
/*!40101 SET @saved_cs_client     = @@character_set_client */;
/*!50503 SET character_set_client = utf8mb4 */;
CREATE TABLE `customer` (
  `id` bigint NOT NULL AUTO_INCREMENT,
  `first_name` varchar(255) DEFAULT NULL,
  `last_name` varchar(255) DEFAULT NULL,
  `email` varchar(255) DEFAULT NULL,
  PRIMARY KEY (`id`),
  UNIQUE KEY `email` (`email`)
) ENGINE=InnoDB AUTO_INCREMENT=4 DEFAULT CHARSET=utf8mb4 COLLATE=utf8mb4_0900_ai_ci;
/*!40101 SET character_set_client = @saved_cs_client */;

--
-- Dumping data for table `customer`
--

LOCK TABLES `customer` WRITE;
/*!40000 ALTER TABLE `customer` DISABLE KEYS */;
INSERT INTO `customer` VALUES (1,'afasa','afasa','afasa@test.com'),(2,'afasa','afasa','afasa@test2.com'),(3,'asasassasasasas','asasasasasas','jai.vicencio@duocuc.cl');
/*!40000 ALTER TABLE `customer` ENABLE KEYS */;
UNLOCK TABLES;

--
-- Table structure for table `order_item`
--

DROP TABLE IF EXISTS `order_item`;
/*!40101 SET @saved_cs_client     = @@character_set_client */;
/*!50503 SET character_set_client = utf8mb4 */;
CREATE TABLE `order_item` (
  `id` bigint NOT NULL AUTO_INCREMENT,
  `image_url` varchar(255) DEFAULT NULL,
  `quantity` int DEFAULT NULL,
  `unit_price` int DEFAULT NULL,
  `order_id` bigint DEFAULT NULL,
  `product_id` bigint DEFAULT NULL,
  PRIMARY KEY (`id`),
  KEY `K_order_id` (`order_id`),
  KEY `FK_product_id` (`product_id`),
  CONSTRAINT `FK_order_id` FOREIGN KEY (`order_id`) REFERENCES `orders` (`id`),
  CONSTRAINT `FK_product_id` FOREIGN KEY (`product_id`) REFERENCES `product` (`id`)
) ENGINE=InnoDB AUTO_INCREMENT=17 DEFAULT CHARSET=utf8mb4 COLLATE=utf8mb4_0900_ai_ci;
/*!40101 SET character_set_client = @saved_cs_client */;

--
-- Dumping data for table `order_item`
--

LOCK TABLES `order_item` WRITE;
/*!40000 ALTER TABLE `order_item` DISABLE KEYS */;
INSERT INTO `order_item` VALUES (1,'assets/images/products/mousepads/mousepad-luv2code-1000.png',1,17,1,51),(2,'assets/images/products/coffeemugs/coffeemug-luv2code-1000.png',1,18,1,26),(3,'assets/images/products/mousepads/mousepad-luv2code-1000.png',1,17,2,51),(4,'assets/images/products/coffeemugs/coffeemug-luv2code-1000.png',1,18,2,26),(5,'assets/images/products/mousepads/mousepad-luv2code-1000.png',1,17,3,51),(6,'assets/images/products/coffeemugs/coffeemug-luv2code-1000.png',1,18,3,26),(7,'assets/images/products/mousepads/mousepad-luv2code-1000.png',1,17,4,51),(8,'assets/images/products/coffeemugs/coffeemug-luv2code-1000.png',1,18,4,26),(9,'assets/images/products/mousepads/mousepad-luv2code-1000.png',1,17,5,51),(10,'assets/images/products/coffeemugs/coffeemug-luv2code-1000.png',1,18,5,26),(11,'assets/images/products/books/book-luv2code-1002.png',6,14,6,3),(12,'assets/images/products/luggagetags/luggagetag-luv2code-1002.png',2,16,6,78),(13,'assets/images/products/books/book-luv2code-1003.png',3,13,6,4),(14,'assets/images/products/coffeemugs/coffeemug-luv2code-1002.png',4,18,7,28),(15,'assets/images/products/coffeemugs/coffeemug-luv2code-1001.png',4,18,7,27),(16,'assets/images/products/coffeemugs/coffeemug-luv2code-1000.png',4,18,7,26);
/*!40000 ALTER TABLE `order_item` ENABLE KEYS */;
UNLOCK TABLES;

--
-- Table structure for table `orders`
--

DROP TABLE IF EXISTS `orders`;
/*!40101 SET @saved_cs_client     = @@character_set_client */;
/*!50503 SET character_set_client = utf8mb4 */;
CREATE TABLE `orders` (
  `id` bigint NOT NULL AUTO_INCREMENT,
  `order_tracking_number` varchar(255) DEFAULT NULL,
  `total_price` int DEFAULT NULL,
  `total_quantity` int DEFAULT NULL,
  `billing_address_id` bigint DEFAULT NULL,
  `customer_id` bigint DEFAULT NULL,
  `shipping_address_id` bigint DEFAULT NULL,
  `status` varchar(128) DEFAULT NULL,
  `date_created` datetime(6) DEFAULT NULL,
  `last_updated` datetime(6) DEFAULT NULL,
  PRIMARY KEY (`id`),
  UNIQUE KEY `UK_billing_address_id` (`billing_address_id`),
  UNIQUE KEY `UK_shipping_address_id` (`shipping_address_id`),
  KEY `K_customer_id` (`customer_id`),
  CONSTRAINT `FK_billing_address_id` FOREIGN KEY (`billing_address_id`) REFERENCES `address` (`id`),
  CONSTRAINT `FK_customer_id` FOREIGN KEY (`customer_id`) REFERENCES `customer` (`id`),
  CONSTRAINT `FK_shipping_address_id` FOREIGN KEY (`shipping_address_id`) REFERENCES `address` (`id`)
) ENGINE=InnoDB AUTO_INCREMENT=8 DEFAULT CHARSET=utf8mb4 COLLATE=utf8mb4_0900_ai_ci;
/*!40101 SET character_set_client = @saved_cs_client */;

--
-- Dumping data for table `orders`
--

LOCK TABLES `orders` WRITE;
/*!40000 ALTER TABLE `orders` DISABLE KEYS */;
INSERT INTO `orders` VALUES (1,'2c82d3bf-f70b-4534-9992-0ad96e20f3cd',36,2,1,1,2,NULL,'2024-05-07 19:32:37.206000','2024-05-07 19:32:37.207000'),(2,'cb799974-bf1e-48e2-8b69-3053aca3f5da',36,2,3,1,4,NULL,'2024-05-07 19:32:40.312000','2024-05-07 19:32:40.312000'),(3,'9765912f-3e19-4215-8937-691c678eec12',36,2,5,1,6,NULL,'2024-05-07 19:32:42.163000','2024-05-07 19:32:42.163000'),(4,'bd242732-3908-4deb-98bc-44896e5f6801',36,2,7,2,8,NULL,'2024-05-07 19:33:14.320000','2024-05-07 19:33:14.320000'),(5,'f9aebe76-8ee7-4d20-abf3-3568e357d8bb',36,2,9,2,10,NULL,'2024-05-07 19:36:16.338000','2024-05-07 19:36:16.338000'),(6,'88aca90e-9a68-4ad0-9772-21f293ea7418',155,11,11,3,12,NULL,'2024-05-15 07:15:53.339000','2024-05-15 07:15:53.339000'),(7,'4ede8e8a-534b-429b-b566-6ee2b2495b50',216,12,13,3,14,NULL,'2024-05-15 07:50:24.330000','2024-05-15 07:50:24.331000');
/*!40000 ALTER TABLE `orders` ENABLE KEYS */;
UNLOCK TABLES;

--
-- Table structure for table `product`
--

DROP TABLE IF EXISTS `product`;
/*!40101 SET @saved_cs_client     = @@character_set_client */;
/*!50503 SET character_set_client = utf8mb4 */;
CREATE TABLE `product` (
  `id` bigint NOT NULL AUTO_INCREMENT,
  `sku` varchar(255) DEFAULT NULL,
  `name` varchar(255) DEFAULT NULL,
  `description` varchar(255) DEFAULT NULL,
  `unit_price` decimal(13,2) DEFAULT NULL,
  `image_url` varchar(255) DEFAULT NULL,
  `active` bit(1) DEFAULT b'1',
  `units_in_stock` int DEFAULT NULL,
  `date_created` datetime(6) DEFAULT NULL,
  `last_updated` datetime(6) DEFAULT NULL,
  `category_id` bigint NOT NULL,
  PRIMARY KEY (`id`),
  KEY `fk_category` (`category_id`),
  CONSTRAINT `fk_category` FOREIGN KEY (`category_id`) REFERENCES `product_category` (`id`)
) ENGINE=InnoDB AUTO_INCREMENT=101 DEFAULT CHARSET=utf8mb4 COLLATE=utf8mb4_0900_ai_ci;
/*!40101 SET character_set_client = @saved_cs_client */;

--
-- Dumping data for table `product`
--

LOCK TABLES `product` WRITE;
/*!40000 ALTER TABLE `product` DISABLE KEYS */;
INSERT INTO `product` VALUES (1,'BOOK-TECH-1000','Crash Course in Python','Learn Python at your own pace. The author explains how the technology works in easy-to-understand language. This book includes working examples that you can apply to your own projects. Purchase the book and get started today!',14.99,'assets/images/products/books/book-luv2code-1000.png',_binary '',100,'2024-04-13 18:39:26.000000',NULL,1),(2,'BOOK-TECH-1001','Become a Guru in JavaScript','Learn JavaScript at your own pace. The author explains how the technology works in easy-to-understand language. This book includes working examples that you can apply to your own projects. Purchase the book and get started today!',20.99,'assets/images/products/books/book-luv2code-1001.png',_binary '',100,'2024-04-13 18:39:26.000000',NULL,1),(3,'BOOK-TECH-1002','Exploring Vue.js','Learn Vue.js at your own pace. The author explains how the technology works in easy-to-understand language. This book includes working examples that you can apply to your own projects. Purchase the book and get started today!',14.99,'assets/images/products/books/book-luv2code-1002.png',_binary '',100,'2024-04-13 18:39:26.000000',NULL,1),(4,'BOOK-TECH-1003','Advanced Techniques in Big Data','Learn Big Data at your own pace. The author explains how the technology works in easy-to-understand language. This book includes working examples that you can apply to your own projects. Purchase the book and get started today!',13.99,'assets/images/products/books/book-luv2code-1003.png',_binary '',100,'2024-04-13 18:39:26.000000',NULL,1),(5,'BOOK-TECH-1004','Crash Course in Big Data','Learn Big Data at your own pace. The author explains how the technology works in easy-to-understand language. This book includes working examples that you can apply to your own projects. Purchase the book and get started today!',18.99,'assets/images/products/books/book-luv2code-1004.png',_binary '',100,'2024-04-13 18:39:26.000000',NULL,1),(6,'BOOK-TECH-1005','JavaScript Cookbook','Learn JavaScript at your own pace. The author explains how the technology works in easy-to-understand language. This book includes working examples that you can apply to your own projects. Purchase the book and get started today!',23.99,'assets/images/products/books/book-luv2code-1005.png',_binary '',100,'2024-04-13 18:39:26.000000',NULL,1),(7,'BOOK-TECH-1006','Beginners Guide to SQL','Learn SQL at your own pace. The author explains how the technology works in easy-to-understand language. This book includes working examples that you can apply to your own projects. Purchase the book and get started today!',14.99,'assets/images/products/books/book-luv2code-1006.png',_binary '',100,'2024-04-13 18:39:26.000000',NULL,1),(8,'BOOK-TECH-1007','Advanced Techniques in JavaScript','Learn JavaScript at your own pace. The author explains how the technology works in easy-to-understand language. This book includes working examples that you can apply to your own projects. Purchase the book and get started today!',16.99,'assets/images/products/books/book-luv2code-1007.png',_binary '',100,'2024-04-13 18:39:26.000000',NULL,1),(9,'BOOK-TECH-1008','Introduction to Spring Boot','Learn Spring Boot at your own pace. The author explains how the technology works in easy-to-understand language. This book includes working examples that you can apply to your own projects. Purchase the book and get started today!',25.99,'assets/images/products/books/book-luv2code-1008.png',_binary '',100,'2024-04-13 18:39:26.000000',NULL,1),(10,'BOOK-TECH-1009','Become a Guru in React.js','Learn React.js at your own pace. The author explains how the technology works in easy-to-understand language. This book includes working examples that you can apply to your own projects. Purchase the book and get started today!',23.99,'assets/images/products/books/book-luv2code-1009.png',_binary '',100,'2024-04-13 18:39:26.000000',NULL,1),(11,'BOOK-TECH-1010','Beginners Guide to Data Science','Learn Data Science at your own pace. The author explains how the technology works in easy-to-understand language. This book includes working examples that you can apply to your own projects. Purchase the book and get started today!',24.99,'assets/images/products/books/book-luv2code-1010.png',_binary '',100,'2024-04-13 18:39:26.000000',NULL,1),(12,'BOOK-TECH-1011','Advanced Techniques in Java','Learn Java at your own pace. The author explains how the technology works in easy-to-understand language. This book includes working examples that you can apply to your own projects. Purchase the book and get started today!',19.99,'assets/images/products/books/book-luv2code-1011.png',_binary '',100,'2024-04-13 18:39:26.000000',NULL,1),(13,'BOOK-TECH-1012','Exploring DevOps','Learn DevOps at your own pace. The author explains how the technology works in easy-to-understand language. This book includes working examples that you can apply to your own projects. Purchase the book and get started today!',24.99,'assets/images/products/books/book-luv2code-1012.png',_binary '',100,'2024-04-13 18:39:26.000000',NULL,1),(14,'BOOK-TECH-1013','The Expert Guide to SQL','Learn SQL at your own pace. The author explains how the technology works in easy-to-understand language. This book includes working examples that you can apply to your own projects. Purchase the book and get started today!',19.99,'assets/images/products/books/book-luv2code-1013.png',_binary '',100,'2024-04-13 18:39:26.000000',NULL,1),(15,'BOOK-TECH-1014','Introduction to SQL','Learn SQL at your own pace. The author explains how the technology works in easy-to-understand language. This book includes working examples that you can apply to your own projects. Purchase the book and get started today!',22.99,'assets/images/products/books/book-luv2code-1014.png',_binary '',100,'2024-04-13 18:39:26.000000',NULL,1),(16,'BOOK-TECH-1015','The Expert Guide to JavaScript','Learn JavaScript at your own pace. The author explains how the technology works in easy-to-understand language. This book includes working examples that you can apply to your own projects. Purchase the book and get started today!',22.99,'assets/images/products/books/book-luv2code-1015.png',_binary '',100,'2024-04-13 18:39:26.000000',NULL,1),(17,'BOOK-TECH-1016','Exploring React.js','Learn React.js at your own pace. The author explains how the technology works in easy-to-understand language. This book includes working examples that you can apply to your own projects. Purchase the book and get started today!',27.99,'assets/images/products/books/book-luv2code-1016.png',_binary '',100,'2024-04-13 18:39:26.000000',NULL,1),(18,'BOOK-TECH-1017','Advanced Techniques in React.js','Learn React.js at your own pace. The author explains how the technology works in easy-to-understand language. This book includes working examples that you can apply to your own projects. Purchase the book and get started today!',13.99,'assets/images/products/books/book-luv2code-1017.png',_binary '',100,'2024-04-13 18:39:26.000000',NULL,1),(19,'BOOK-TECH-1018','Introduction to C#','Learn C# at your own pace. The author explains how the technology works in easy-to-understand language. This book includes working examples that you can apply to your own projects. Purchase the book and get started today!',26.99,'assets/images/products/books/book-luv2code-1018.png',_binary '',100,'2024-04-13 18:39:26.000000',NULL,1),(20,'BOOK-TECH-1019','Crash Course in JavaScript','Learn JavaScript at your own pace. The author explains how the technology works in easy-to-understand language. This book includes working examples that you can apply to your own projects. Purchase the book and get started today!',13.99,'assets/images/products/books/book-luv2code-1019.png',_binary '',100,'2024-04-13 18:39:26.000000',NULL,1),(21,'BOOK-TECH-1020','Introduction to Machine Learning','Learn Machine Learning at your own pace. The author explains how the technology works in easy-to-understand language. This book includes working examples that you can apply to your own projects. Purchase the book and get started today!',19.99,'assets/images/products/books/book-luv2code-1020.png',_binary '',100,'2024-04-13 18:39:26.000000',NULL,1),(22,'BOOK-TECH-1021','Become a Guru in Java','Learn Java at your own pace. The author explains how the technology works in easy-to-understand language. This book includes working examples that you can apply to your own projects. Purchase the book and get started today!',18.99,'assets/images/products/books/book-luv2code-1021.png',_binary '',100,'2024-04-13 18:39:26.000000',NULL,1),(23,'BOOK-TECH-1022','Introduction to Python','Learn Python at your own pace. The author explains how the technology works in easy-to-understand language. This book includes working examples that you can apply to your own projects. Purchase the book and get started today!',26.99,'assets/images/products/books/book-luv2code-1022.png',_binary '',100,'2024-04-13 18:39:26.000000',NULL,1),(24,'BOOK-TECH-1023','Advanced Techniques in C#','Learn C# at your own pace. The author explains how the technology works in easy-to-understand language. This book includes working examples that you can apply to your own projects. Purchase the book and get started today!',22.99,'assets/images/products/books/book-luv2code-1023.png',_binary '',100,'2024-04-13 18:39:26.000000',NULL,1),(25,'BOOK-TECH-1024','The Expert Guide to Machine Learning','Learn Machine Learning at your own pace. The author explains how the technology works in easy-to-understand language. This book includes working examples that you can apply to your own projects. Purchase the book and get started today!',16.99,'assets/images/products/books/book-luv2code-1024.png',_binary '',100,'2024-04-13 18:39:26.000000',NULL,1),(26,'COFFEEMUG-1000','Coffee Mug - Express','Do you love mathematics? If so, then you need this elegant coffee mug with an amazing fractal design. You don\'t have to worry about boring coffee mugs anymore. This coffee mug will be the topic of conversation in the office, guaranteed! Buy it now!',18.99,'assets/images/products/coffeemugs/coffeemug-luv2code-1000.png',_binary '',100,'2024-04-13 18:39:26.000000',NULL,2),(27,'COFFEEMUG-1001','Coffee Mug - Cherokee','Do you love mathematics? If so, then you need this elegant coffee mug with an amazing fractal design. You don\'t have to worry about boring coffee mugs anymore. This coffee mug will be the topic of conversation in the office, guaranteed! Buy it now!',18.99,'assets/images/products/coffeemugs/coffeemug-luv2code-1001.png',_binary '',100,'2024-04-13 18:39:26.000000',NULL,2),(28,'COFFEEMUG-1002','Coffee Mug - Sweeper','Do you love mathematics? If so, then you need this elegant coffee mug with an amazing fractal design. You don\'t have to worry about boring coffee mugs anymore. This coffee mug will be the topic of conversation in the office, guaranteed! Buy it now!',18.99,'assets/images/products/coffeemugs/coffeemug-luv2code-1002.png',_binary '',100,'2024-04-13 18:39:26.000000',NULL,2),(29,'COFFEEMUG-1003','Coffee Mug - Aspire','Do you love mathematics? If so, then you need this elegant coffee mug with an amazing fractal design. You don\'t have to worry about boring coffee mugs anymore. This coffee mug will be the topic of conversation in the office, guaranteed! Buy it now!',18.99,'assets/images/products/coffeemugs/coffeemug-luv2code-1003.png',_binary '',100,'2024-04-13 18:39:26.000000',NULL,2),(30,'COFFEEMUG-1004','Coffee Mug - Dorian','Do you love mathematics? If so, then you need this elegant coffee mug with an amazing fractal design. You don\'t have to worry about boring coffee mugs anymore. This coffee mug will be the topic of conversation in the office, guaranteed! Buy it now!',18.99,'assets/images/products/coffeemugs/coffeemug-luv2code-1004.png',_binary '',100,'2024-04-13 18:39:26.000000',NULL,2),(31,'COFFEEMUG-1005','Coffee Mug - Columbia','Do you love mathematics? If so, then you need this elegant coffee mug with an amazing fractal design. You don\'t have to worry about boring coffee mugs anymore. This coffee mug will be the topic of conversation in the office, guaranteed! Buy it now!',18.99,'assets/images/products/coffeemugs/coffeemug-luv2code-1005.png',_binary '',100,'2024-04-13 18:39:26.000000',NULL,2),(32,'COFFEEMUG-1006','Coffee Mug - Worthing','Do you love mathematics? If so, then you need this elegant coffee mug with an amazing fractal design. You don\'t have to worry about boring coffee mugs anymore. This coffee mug will be the topic of conversation in the office, guaranteed! Buy it now!',18.99,'assets/images/products/coffeemugs/coffeemug-luv2code-1006.png',_binary '',100,'2024-04-13 18:39:26.000000',NULL,2),(33,'COFFEEMUG-1007','Coffee Mug - Oak Cliff','Do you love mathematics? If so, then you need this elegant coffee mug with an amazing fractal design. You don\'t have to worry about boring coffee mugs anymore. This coffee mug will be the topic of conversation in the office, guaranteed! Buy it now!',18.99,'assets/images/products/coffeemugs/coffeemug-luv2code-1007.png',_binary '',100,'2024-04-13 18:39:26.000000',NULL,2),(34,'COFFEEMUG-1008','Coffee Mug - Tachyon','Do you love mathematics? If so, then you need this elegant coffee mug with an amazing fractal design. You don\'t have to worry about boring coffee mugs anymore. This coffee mug will be the topic of conversation in the office, guaranteed! Buy it now!',18.99,'assets/images/products/coffeemugs/coffeemug-luv2code-1008.png',_binary '',100,'2024-04-13 18:39:26.000000',NULL,2),(35,'COFFEEMUG-1009','Coffee Mug - Pan','Do you love mathematics? If so, then you need this elegant coffee mug with an amazing fractal design. You don\'t have to worry about boring coffee mugs anymore. This coffee mug will be the topic of conversation in the office, guaranteed! Buy it now!',18.99,'assets/images/products/coffeemugs/coffeemug-luv2code-1009.png',_binary '',100,'2024-04-13 18:39:26.000000',NULL,2),(36,'COFFEEMUG-1010','Coffee Mug - Phase','Do you love mathematics? If so, then you need this elegant coffee mug with an amazing fractal design. You don\'t have to worry about boring coffee mugs anymore. This coffee mug will be the topic of conversation in the office, guaranteed! Buy it now!',18.99,'assets/images/products/coffeemugs/coffeemug-luv2code-1010.png',_binary '',100,'2024-04-13 18:39:26.000000',NULL,2),(37,'COFFEEMUG-1011','Coffee Mug - Falling','Do you love mathematics? If so, then you need this elegant coffee mug with an amazing fractal design. You don\'t have to worry about boring coffee mugs anymore. This coffee mug will be the topic of conversation in the office, guaranteed! Buy it now!',18.99,'assets/images/products/coffeemugs/coffeemug-luv2code-1011.png',_binary '',100,'2024-04-13 18:39:26.000000',NULL,2),(38,'COFFEEMUG-1012','Coffee Mug - Wispy','Do you love mathematics? If so, then you need this elegant coffee mug with an amazing fractal design. You don\'t have to worry about boring coffee mugs anymore. This coffee mug will be the topic of conversation in the office, guaranteed! Buy it now!',18.99,'assets/images/products/coffeemugs/coffeemug-luv2code-1012.png',_binary '',100,'2024-04-13 18:39:26.000000',NULL,2),(39,'COFFEEMUG-1013','Coffee Mug - Arlington','Do you love mathematics? If so, then you need this elegant coffee mug with an amazing fractal design. You don\'t have to worry about boring coffee mugs anymore. This coffee mug will be the topic of conversation in the office, guaranteed! Buy it now!',18.99,'assets/images/products/coffeemugs/coffeemug-luv2code-1013.png',_binary '',100,'2024-04-13 18:39:26.000000',NULL,2),(40,'COFFEEMUG-1014','Coffee Mug - Gazing','Do you love mathematics? If so, then you need this elegant coffee mug with an amazing fractal design. You don\'t have to worry about boring coffee mugs anymore. This coffee mug will be the topic of conversation in the office, guaranteed! Buy it now!',18.99,'assets/images/products/coffeemugs/coffeemug-luv2code-1014.png',_binary '',100,'2024-04-13 18:39:26.000000',NULL,2),(41,'COFFEEMUG-1015','Coffee Mug - Azura','Do you love mathematics? If so, then you need this elegant coffee mug with an amazing fractal design. You don\'t have to worry about boring coffee mugs anymore. This coffee mug will be the topic of conversation in the office, guaranteed! Buy it now!',18.99,'assets/images/products/coffeemugs/coffeemug-luv2code-1015.png',_binary '',100,'2024-04-13 18:39:26.000000',NULL,2),(42,'COFFEEMUG-1016','Coffee Mug - Quantum Leap','Do you love mathematics? If so, then you need this elegant coffee mug with an amazing fractal design. You don\'t have to worry about boring coffee mugs anymore. This coffee mug will be the topic of conversation in the office, guaranteed! Buy it now!',18.99,'assets/images/products/coffeemugs/coffeemug-luv2code-1016.png',_binary '',100,'2024-04-13 18:39:26.000000',NULL,2),(43,'COFFEEMUG-1017','Coffee Mug - Light Years','Do you love mathematics? If so, then you need this elegant coffee mug with an amazing fractal design. You don\'t have to worry about boring coffee mugs anymore. This coffee mug will be the topic of conversation in the office, guaranteed! Buy it now!',18.99,'assets/images/products/coffeemugs/coffeemug-luv2code-1017.png',_binary '',100,'2024-04-13 18:39:26.000000',NULL,2),(44,'COFFEEMUG-1018','Coffee Mug - Taylor','Do you love mathematics? If so, then you need this elegant coffee mug with an amazing fractal design. You don\'t have to worry about boring coffee mugs anymore. This coffee mug will be the topic of conversation in the office, guaranteed! Buy it now!',18.99,'assets/images/products/coffeemugs/coffeemug-luv2code-1018.png',_binary '',100,'2024-04-13 18:39:26.000000',NULL,2),(45,'COFFEEMUG-1019','Coffee Mug - Gracia','Do you love mathematics? If so, then you need this elegant coffee mug with an amazing fractal design. You don\'t have to worry about boring coffee mugs anymore. This coffee mug will be the topic of conversation in the office, guaranteed! Buy it now!',18.99,'assets/images/products/coffeemugs/coffeemug-luv2code-1019.png',_binary '',100,'2024-04-13 18:39:26.000000',NULL,2),(46,'COFFEEMUG-1020','Coffee Mug - Relax','Do you love mathematics? If so, then you need this elegant coffee mug with an amazing fractal design. You don\'t have to worry about boring coffee mugs anymore. This coffee mug will be the topic of conversation in the office, guaranteed! Buy it now!',18.99,'assets/images/products/coffeemugs/coffeemug-luv2code-1020.png',_binary '',100,'2024-04-13 18:39:26.000000',NULL,2),(47,'COFFEEMUG-1021','Coffee Mug - Windermere','Do you love mathematics? If so, then you need this elegant coffee mug with an amazing fractal design. You don\'t have to worry about boring coffee mugs anymore. This coffee mug will be the topic of conversation in the office, guaranteed! Buy it now!',18.99,'assets/images/products/coffeemugs/coffeemug-luv2code-1021.png',_binary '',100,'2024-04-13 18:39:26.000000',NULL,2),(48,'COFFEEMUG-1022','Coffee Mug - Prancer','Do you love mathematics? If so, then you need this elegant coffee mug with an amazing fractal design. You don\'t have to worry about boring coffee mugs anymore. This coffee mug will be the topic of conversation in the office, guaranteed! Buy it now!',18.99,'assets/images/products/coffeemugs/coffeemug-luv2code-1022.png',_binary '',100,'2024-04-13 18:39:26.000000',NULL,2),(49,'COFFEEMUG-1023','Coffee Mug - Recursion','Do you love mathematics? If so, then you need this elegant coffee mug with an amazing fractal design. You don\'t have to worry about boring coffee mugs anymore. This coffee mug will be the topic of conversation in the office, guaranteed! Buy it now!',18.99,'assets/images/products/coffeemugs/coffeemug-luv2code-1023.png',_binary '',100,'2024-04-13 18:39:26.000000',NULL,2),(50,'COFFEEMUG-1024','Coffee Mug - Treasure','Do you love mathematics? If so, then you need this elegant coffee mug with an amazing fractal design. You don\'t have to worry about boring coffee mugs anymore. This coffee mug will be the topic of conversation in the office, guaranteed! Buy it now!',18.99,'assets/images/products/coffeemugs/coffeemug-luv2code-1024.png',_binary '',100,'2024-04-13 18:39:26.000000',NULL,2),(51,'MOUSEPAD-1000','Mouse Pad - Express','Fractal images are amazing! You can now own a mouse pad with a unique and amazing fractal. The mouse pad is made of a durable and smooth material. Your mouse will easily glide across the mouse pad. This mouse pad will brighten your workspace. Buy it now!',17.99,'assets/images/products/mousepads/mousepad-luv2code-1000.png',_binary '',100,'2024-04-13 18:39:26.000000',NULL,3),(52,'MOUSEPAD-1001','Mouse Pad - Cherokee','Fractal images are amazing! You can now own a mouse pad with a unique and amazing fractal. The mouse pad is made of a durable and smooth material. Your mouse will easily glide across the mouse pad. This mouse pad will brighten your workspace. Buy it now!',17.99,'assets/images/products/mousepads/mousepad-luv2code-1001.png',_binary '',100,'2024-04-13 18:39:26.000000',NULL,3),(53,'MOUSEPAD-1002','Mouse Pad - Sweeper','Fractal images are amazing! You can now own a mouse pad with a unique and amazing fractal. The mouse pad is made of a durable and smooth material. Your mouse will easily glide across the mouse pad. This mouse pad will brighten your workspace. Buy it now!',17.99,'assets/images/products/mousepads/mousepad-luv2code-1002.png',_binary '',100,'2024-04-13 18:39:26.000000',NULL,3),(54,'MOUSEPAD-1003','Mouse Pad - Aspire','Fractal images are amazing! You can now own a mouse pad with a unique and amazing fractal. The mouse pad is made of a durable and smooth material. Your mouse will easily glide across the mouse pad. This mouse pad will brighten your workspace. Buy it now!',17.99,'assets/images/products/mousepads/mousepad-luv2code-1003.png',_binary '',100,'2024-04-13 18:39:26.000000',NULL,3),(55,'MOUSEPAD-1004','Mouse Pad - Dorian','Fractal images are amazing! You can now own a mouse pad with a unique and amazing fractal. The mouse pad is made of a durable and smooth material. Your mouse will easily glide across the mouse pad. This mouse pad will brighten your workspace. Buy it now!',17.99,'assets/images/products/mousepads/mousepad-luv2code-1004.png',_binary '',100,'2024-04-13 18:39:26.000000',NULL,3),(56,'MOUSEPAD-1005','Mouse Pad - Columbia','Fractal images are amazing! You can now own a mouse pad with a unique and amazing fractal. The mouse pad is made of a durable and smooth material. Your mouse will easily glide across the mouse pad. This mouse pad will brighten your workspace. Buy it now!',17.99,'assets/images/products/mousepads/mousepad-luv2code-1005.png',_binary '',100,'2024-04-13 18:39:26.000000',NULL,3),(57,'MOUSEPAD-1006','Mouse Pad - Worthing','Fractal images are amazing! You can now own a mouse pad with a unique and amazing fractal. The mouse pad is made of a durable and smooth material. Your mouse will easily glide across the mouse pad. This mouse pad will brighten your workspace. Buy it now!',17.99,'assets/images/products/mousepads/mousepad-luv2code-1006.png',_binary '',100,'2024-04-13 18:39:26.000000',NULL,3),(58,'MOUSEPAD-1007','Mouse Pad - Oak Cliff','Fractal images are amazing! You can now own a mouse pad with a unique and amazing fractal. The mouse pad is made of a durable and smooth material. Your mouse will easily glide across the mouse pad. This mouse pad will brighten your workspace. Buy it now!',17.99,'assets/images/products/mousepads/mousepad-luv2code-1007.png',_binary '',100,'2024-04-13 18:39:26.000000',NULL,3),(59,'MOUSEPAD-1008','Mouse Pad - Tachyon','Fractal images are amazing! You can now own a mouse pad with a unique and amazing fractal. The mouse pad is made of a durable and smooth material. Your mouse will easily glide across the mouse pad. This mouse pad will brighten your workspace. Buy it now!',17.99,'assets/images/products/mousepads/mousepad-luv2code-1008.png',_binary '',100,'2024-04-13 18:39:26.000000',NULL,3),(60,'MOUSEPAD-1009','Mouse Pad - Pan','Fractal images are amazing! You can now own a mouse pad with a unique and amazing fractal. The mouse pad is made of a durable and smooth material. Your mouse will easily glide across the mouse pad. This mouse pad will brighten your workspace. Buy it now!',17.99,'assets/images/products/mousepads/mousepad-luv2code-1009.png',_binary '',100,'2024-04-13 18:39:26.000000',NULL,3),(61,'MOUSEPAD-1010','Mouse Pad - Phase','Fractal images are amazing! You can now own a mouse pad with a unique and amazing fractal. The mouse pad is made of a durable and smooth material. Your mouse will easily glide across the mouse pad. This mouse pad will brighten your workspace. Buy it now!',17.99,'assets/images/products/mousepads/mousepad-luv2code-1010.png',_binary '',100,'2024-04-13 18:39:26.000000',NULL,3),(62,'MOUSEPAD-1011','Mouse Pad - Falling','Fractal images are amazing! You can now own a mouse pad with a unique and amazing fractal. The mouse pad is made of a durable and smooth material. Your mouse will easily glide across the mouse pad. This mouse pad will brighten your workspace. Buy it now!',17.99,'assets/images/products/mousepads/mousepad-luv2code-1011.png',_binary '',100,'2024-04-13 18:39:26.000000',NULL,3),(63,'MOUSEPAD-1012','Mouse Pad - Wispy','Fractal images are amazing! You can now own a mouse pad with a unique and amazing fractal. The mouse pad is made of a durable and smooth material. Your mouse will easily glide across the mouse pad. This mouse pad will brighten your workspace. Buy it now!',17.99,'assets/images/products/mousepads/mousepad-luv2code-1012.png',_binary '',100,'2024-04-13 18:39:26.000000',NULL,3),(64,'MOUSEPAD-1013','Mouse Pad - Arlington','Fractal images are amazing! You can now own a mouse pad with a unique and amazing fractal. The mouse pad is made of a durable and smooth material. Your mouse will easily glide across the mouse pad. This mouse pad will brighten your workspace. Buy it now!',17.99,'assets/images/products/mousepads/mousepad-luv2code-1013.png',_binary '',100,'2024-04-13 18:39:26.000000',NULL,3),(65,'MOUSEPAD-1014','Mouse Pad - Gazing','Fractal images are amazing! You can now own a mouse pad with a unique and amazing fractal. The mouse pad is made of a durable and smooth material. Your mouse will easily glide across the mouse pad. This mouse pad will brighten your workspace. Buy it now!',17.99,'assets/images/products/mousepads/mousepad-luv2code-1014.png',_binary '',100,'2024-04-13 18:39:26.000000',NULL,3),(66,'MOUSEPAD-1015','Mouse Pad - Azura','Fractal images are amazing! You can now own a mouse pad with a unique and amazing fractal. The mouse pad is made of a durable and smooth material. Your mouse will easily glide across the mouse pad. This mouse pad will brighten your workspace. Buy it now!',17.99,'assets/images/products/mousepads/mousepad-luv2code-1015.png',_binary '',100,'2024-04-13 18:39:26.000000',NULL,3),(67,'MOUSEPAD-1016','Mouse Pad - Quantum Leap','Fractal images are amazing! You can now own a mouse pad with a unique and amazing fractal. The mouse pad is made of a durable and smooth material. Your mouse will easily glide across the mouse pad. This mouse pad will brighten your workspace. Buy it now!',17.99,'assets/images/products/mousepads/mousepad-luv2code-1016.png',_binary '',100,'2024-04-13 18:39:26.000000',NULL,3),(68,'MOUSEPAD-1017','Mouse Pad - Light Years','Fractal images are amazing! You can now own a mouse pad with a unique and amazing fractal. The mouse pad is made of a durable and smooth material. Your mouse will easily glide across the mouse pad. This mouse pad will brighten your workspace. Buy it now!',17.99,'assets/images/products/mousepads/mousepad-luv2code-1017.png',_binary '',100,'2024-04-13 18:39:26.000000',NULL,3),(69,'MOUSEPAD-1018','Mouse Pad - Taylor','Fractal images are amazing! You can now own a mouse pad with a unique and amazing fractal. The mouse pad is made of a durable and smooth material. Your mouse will easily glide across the mouse pad. This mouse pad will brighten your workspace. Buy it now!',17.99,'assets/images/products/mousepads/mousepad-luv2code-1018.png',_binary '',100,'2024-04-13 18:39:26.000000',NULL,3),(70,'MOUSEPAD-1019','Mouse Pad - Gracia','Fractal images are amazing! You can now own a mouse pad with a unique and amazing fractal. The mouse pad is made of a durable and smooth material. Your mouse will easily glide across the mouse pad. This mouse pad will brighten your workspace. Buy it now!',17.99,'assets/images/products/mousepads/mousepad-luv2code-1019.png',_binary '',100,'2024-04-13 18:39:26.000000',NULL,3),(71,'MOUSEPAD-1020','Mouse Pad - Relax','Fractal images are amazing! You can now own a mouse pad with a unique and amazing fractal. The mouse pad is made of a durable and smooth material. Your mouse will easily glide across the mouse pad. This mouse pad will brighten your workspace. Buy it now!',17.99,'assets/images/products/mousepads/mousepad-luv2code-1020.png',_binary '',100,'2024-04-13 18:39:26.000000',NULL,3),(72,'MOUSEPAD-1021','Mouse Pad - Windermere','Fractal images are amazing! You can now own a mouse pad with a unique and amazing fractal. The mouse pad is made of a durable and smooth material. Your mouse will easily glide across the mouse pad. This mouse pad will brighten your workspace. Buy it now!',17.99,'assets/images/products/mousepads/mousepad-luv2code-1021.png',_binary '',100,'2024-04-13 18:39:26.000000',NULL,3),(73,'MOUSEPAD-1022','Mouse Pad - Prancer','Fractal images are amazing! You can now own a mouse pad with a unique and amazing fractal. The mouse pad is made of a durable and smooth material. Your mouse will easily glide across the mouse pad. This mouse pad will brighten your workspace. Buy it now!',17.99,'assets/images/products/mousepads/mousepad-luv2code-1022.png',_binary '',100,'2024-04-13 18:39:26.000000',NULL,3),(74,'MOUSEPAD-1023','Mouse Pad - Recursion','Fractal images are amazing! You can now own a mouse pad with a unique and amazing fractal. The mouse pad is made of a durable and smooth material. Your mouse will easily glide across the mouse pad. This mouse pad will brighten your workspace. Buy it now!',17.99,'assets/images/products/mousepads/mousepad-luv2code-1023.png',_binary '',100,'2024-04-13 18:39:26.000000',NULL,3),(75,'MOUSEPAD-1024','Mouse Pad - Treasure','Fractal images are amazing! You can now own a mouse pad with a unique and amazing fractal. The mouse pad is made of a durable and smooth material. Your mouse will easily glide across the mouse pad. This mouse pad will brighten your workspace. Buy it now!',17.99,'assets/images/products/mousepads/mousepad-luv2code-1024.png',_binary '',100,'2024-04-13 18:39:26.000000',NULL,3),(76,'LUGGAGETAG-1000','Luggage Tag - Cherish','This luggage tag will help you identify your luggage. The luggage tag is very unique and it will stand out from the crowd. The luggage tag is created out of a rugged and durable plastic. Buy this luggage tag now to make it easy to identify your luggage!',16.99,'assets/images/products/luggagetags/luggagetag-luv2code-1000.png',_binary '',100,'2024-04-13 18:39:26.000000',NULL,4),(77,'LUGGAGETAG-1001','Luggage Tag - Adventure','This luggage tag will help you identify your luggage. The luggage tag is very unique and it will stand out from the crowd. The luggage tag is created out of a rugged and durable plastic. Buy this luggage tag now to make it easy to identify your luggage!',16.99,'assets/images/products/luggagetags/luggagetag-luv2code-1001.png',_binary '',100,'2024-04-13 18:39:26.000000',NULL,4),(78,'LUGGAGETAG-1002','Luggage Tag - Skyline','This luggage tag will help you identify your luggage. The luggage tag is very unique and it will stand out from the crowd. The luggage tag is created out of a rugged and durable plastic. Buy this luggage tag now to make it easy to identify your luggage!',16.99,'assets/images/products/luggagetags/luggagetag-luv2code-1002.png',_binary '',100,'2024-04-13 18:39:26.000000',NULL,4),(79,'LUGGAGETAG-1003','Luggage Tag - River','This luggage tag will help you identify your luggage. The luggage tag is very unique and it will stand out from the crowd. The luggage tag is created out of a rugged and durable plastic. Buy this luggage tag now to make it easy to identify your luggage!',16.99,'assets/images/products/luggagetags/luggagetag-luv2code-1003.png',_binary '',100,'2024-04-13 18:39:26.000000',NULL,4),(80,'LUGGAGETAG-1004','Luggage Tag - Trail Steps','This luggage tag will help you identify your luggage. The luggage tag is very unique and it will stand out from the crowd. The luggage tag is created out of a rugged and durable plastic. Buy this luggage tag now to make it easy to identify your luggage!',16.99,'assets/images/products/luggagetags/luggagetag-luv2code-1004.png',_binary '',100,'2024-04-13 18:39:26.000000',NULL,4),(81,'LUGGAGETAG-1005','Luggage Tag - Blooming','This luggage tag will help you identify your luggage. The luggage tag is very unique and it will stand out from the crowd. The luggage tag is created out of a rugged and durable plastic. Buy this luggage tag now to make it easy to identify your luggage!',16.99,'assets/images/products/luggagetags/luggagetag-luv2code-1005.png',_binary '',100,'2024-04-13 18:39:26.000000',NULL,4),(82,'LUGGAGETAG-1006','Luggage Tag - Park','This luggage tag will help you identify your luggage. The luggage tag is very unique and it will stand out from the crowd. The luggage tag is created out of a rugged and durable plastic. Buy this luggage tag now to make it easy to identify your luggage!',16.99,'assets/images/products/luggagetags/luggagetag-luv2code-1006.png',_binary '',100,'2024-04-13 18:39:26.000000',NULL,4),(83,'LUGGAGETAG-1007','Luggage Tag - Beauty','This luggage tag will help you identify your luggage. The luggage tag is very unique and it will stand out from the crowd. The luggage tag is created out of a rugged and durable plastic. Buy this luggage tag now to make it easy to identify your luggage!',16.99,'assets/images/products/luggagetags/luggagetag-luv2code-1007.png',_binary '',100,'2024-04-13 18:39:26.000000',NULL,4),(84,'LUGGAGETAG-1008','Luggage Tag - Water Fall','This luggage tag will help you identify your luggage. The luggage tag is very unique and it will stand out from the crowd. The luggage tag is created out of a rugged and durable plastic. Buy this luggage tag now to make it easy to identify your luggage!',16.99,'assets/images/products/luggagetags/luggagetag-luv2code-1008.png',_binary '',100,'2024-04-13 18:39:26.000000',NULL,4),(85,'LUGGAGETAG-1009','Luggage Tag - Trail','This luggage tag will help you identify your luggage. The luggage tag is very unique and it will stand out from the crowd. The luggage tag is created out of a rugged and durable plastic. Buy this luggage tag now to make it easy to identify your luggage!',16.99,'assets/images/products/luggagetags/luggagetag-luv2code-1009.png',_binary '',100,'2024-04-13 18:39:26.000000',NULL,4),(86,'LUGGAGETAG-1010','Luggage Tag - Skyscraper','This luggage tag will help you identify your luggage. The luggage tag is very unique and it will stand out from the crowd. The luggage tag is created out of a rugged and durable plastic. Buy this luggage tag now to make it easy to identify your luggage!',16.99,'assets/images/products/luggagetags/luggagetag-luv2code-1010.png',_binary '',100,'2024-04-13 18:39:26.000000',NULL,4),(87,'LUGGAGETAG-1011','Luggage Tag - Leaf','This luggage tag will help you identify your luggage. The luggage tag is very unique and it will stand out from the crowd. The luggage tag is created out of a rugged and durable plastic. Buy this luggage tag now to make it easy to identify your luggage!',16.99,'assets/images/products/luggagetags/luggagetag-luv2code-1011.png',_binary '',100,'2024-04-13 18:39:26.000000',NULL,4),(88,'LUGGAGETAG-1012','Luggage Tag - Jungle','This luggage tag will help you identify your luggage. The luggage tag is very unique and it will stand out from the crowd. The luggage tag is created out of a rugged and durable plastic. Buy this luggage tag now to make it easy to identify your luggage!',16.99,'assets/images/products/luggagetags/luggagetag-luv2code-1012.png',_binary '',100,'2024-04-13 18:39:26.000000',NULL,4),(89,'LUGGAGETAG-1013','Luggage Tag - Shoreline','This luggage tag will help you identify your luggage. The luggage tag is very unique and it will stand out from the crowd. The luggage tag is created out of a rugged and durable plastic. Buy this luggage tag now to make it easy to identify your luggage!',16.99,'assets/images/products/luggagetags/luggagetag-luv2code-1013.png',_binary '',100,'2024-04-13 18:39:26.000000',NULL,4),(90,'LUGGAGETAG-1014','Luggage Tag - Blossom','This luggage tag will help you identify your luggage. The luggage tag is very unique and it will stand out from the crowd. The luggage tag is created out of a rugged and durable plastic. Buy this luggage tag now to make it easy to identify your luggage!',16.99,'assets/images/products/luggagetags/luggagetag-luv2code-1014.png',_binary '',100,'2024-04-13 18:39:26.000000',NULL,4),(91,'LUGGAGETAG-1015','Luggage Tag - Lock','This luggage tag will help you identify your luggage. The luggage tag is very unique and it will stand out from the crowd. The luggage tag is created out of a rugged and durable plastic. Buy this luggage tag now to make it easy to identify your luggage!',16.99,'assets/images/products/luggagetags/luggagetag-luv2code-1015.png',_binary '',100,'2024-04-13 18:39:26.000000',NULL,4),(92,'LUGGAGETAG-1016','Luggage Tag - Cafe','This luggage tag will help you identify your luggage. The luggage tag is very unique and it will stand out from the crowd. The luggage tag is created out of a rugged and durable plastic. Buy this luggage tag now to make it easy to identify your luggage!',16.99,'assets/images/products/luggagetags/luggagetag-luv2code-1016.png',_binary '',100,'2024-04-13 18:39:26.000000',NULL,4),(93,'LUGGAGETAG-1017','Luggage Tag - Darling','This luggage tag will help you identify your luggage. The luggage tag is very unique and it will stand out from the crowd. The luggage tag is created out of a rugged and durable plastic. Buy this luggage tag now to make it easy to identify your luggage!',16.99,'assets/images/products/luggagetags/luggagetag-luv2code-1017.png',_binary '',100,'2024-04-13 18:39:26.000000',NULL,4),(94,'LUGGAGETAG-1018','Luggage Tag - Full Stack','This luggage tag will help you identify your luggage. The luggage tag is very unique and it will stand out from the crowd. The luggage tag is created out of a rugged and durable plastic. Buy this luggage tag now to make it easy to identify your luggage!',16.99,'assets/images/products/luggagetags/luggagetag-luv2code-1018.png',_binary '',100,'2024-04-13 18:39:26.000000',NULL,4),(95,'LUGGAGETAG-1019','Luggage Tag - Courtyard','This luggage tag will help you identify your luggage. The luggage tag is very unique and it will stand out from the crowd. The luggage tag is created out of a rugged and durable plastic. Buy this luggage tag now to make it easy to identify your luggage!',16.99,'assets/images/products/luggagetags/luggagetag-luv2code-1019.png',_binary '',100,'2024-04-13 18:39:26.000000',NULL,4),(96,'LUGGAGETAG-1020','Luggage Tag - Coaster','This luggage tag will help you identify your luggage. The luggage tag is very unique and it will stand out from the crowd. The luggage tag is created out of a rugged and durable plastic. Buy this luggage tag now to make it easy to identify your luggage!',16.99,'assets/images/products/luggagetags/luggagetag-luv2code-1020.png',_binary '',100,'2024-04-13 18:39:26.000000',NULL,4),(97,'LUGGAGETAG-1021','Luggage Tag - Bridge','This luggage tag will help you identify your luggage. The luggage tag is very unique and it will stand out from the crowd. The luggage tag is created out of a rugged and durable plastic. Buy this luggage tag now to make it easy to identify your luggage!',16.99,'assets/images/products/luggagetags/luggagetag-luv2code-1021.png',_binary '',100,'2024-04-13 18:39:26.000000',NULL,4),(98,'LUGGAGETAG-1022','Luggage Tag - Sunset','This luggage tag will help you identify your luggage. The luggage tag is very unique and it will stand out from the crowd. The luggage tag is created out of a rugged and durable plastic. Buy this luggage tag now to make it easy to identify your luggage!',16.99,'assets/images/products/luggagetags/luggagetag-luv2code-1022.png',_binary '',100,'2024-04-13 18:39:26.000000',NULL,4),(99,'LUGGAGETAG-1023','Luggage Tag - Flames','This luggage tag will help you identify your luggage. The luggage tag is very unique and it will stand out from the crowd. The luggage tag is created out of a rugged and durable plastic. Buy this luggage tag now to make it easy to identify your luggage!',16.99,'assets/images/products/luggagetags/luggagetag-luv2code-1023.png',_binary '',100,'2024-04-13 18:39:26.000000',NULL,4),(100,'LUGGAGETAG-1024','Luggage Tag - Countryside','This luggage tag will help you identify your luggage. The luggage tag is very unique and it will stand out from the crowd. The luggage tag is created out of a rugged and durable plastic. Buy this luggage tag now to make it easy to identify your luggage!',16.99,'assets/images/products/luggagetags/luggagetag-luv2code-1024.png',_binary '',100,'2024-04-13 18:39:26.000000',NULL,4);
/*!40000 ALTER TABLE `product` ENABLE KEYS */;
UNLOCK TABLES;

--
-- Table structure for table `product_category`
--

DROP TABLE IF EXISTS `product_category`;
/*!40101 SET @saved_cs_client     = @@character_set_client */;
/*!50503 SET character_set_client = utf8mb4 */;
CREATE TABLE `product_category` (
  `id` bigint NOT NULL AUTO_INCREMENT,
  `category_name` varchar(255) DEFAULT NULL,
  PRIMARY KEY (`id`)
) ENGINE=InnoDB AUTO_INCREMENT=6 DEFAULT CHARSET=utf8mb4 COLLATE=utf8mb4_0900_ai_ci;
/*!40101 SET character_set_client = @saved_cs_client */;

--
-- Dumping data for table `product_category`
--

LOCK TABLES `product_category` WRITE;
/*!40000 ALTER TABLE `product_category` DISABLE KEYS */;
INSERT INTO `product_category` VALUES (1,'Books'),(2,'Coffee Mugs'),(3,'Mouse Pads'),(4,'Luggage Tags');
/*!40000 ALTER TABLE `product_category` ENABLE KEYS */;
UNLOCK TABLES;

--
-- Table structure for table `region`
--

DROP TABLE IF EXISTS `region`;
/*!40101 SET @saved_cs_client     = @@character_set_client */;
/*!50503 SET character_set_client = utf8mb4 */;
CREATE TABLE `region` (
  `id` int NOT NULL AUTO_INCREMENT,
  `nombre` varchar(255) NOT NULL,
  `region_iso_3166_2` varchar(10) NOT NULL,
  `capital_regional` varchar(255) NOT NULL,
  PRIMARY KEY (`id`)
) ENGINE=InnoDB AUTO_INCREMENT=17 DEFAULT CHARSET=utf8mb4 COLLATE=utf8mb4_0900_ai_ci;
/*!40101 SET character_set_client = @saved_cs_client */;

--
-- Dumping data for table `region`
--

LOCK TABLES `region` WRITE;
/*!40000 ALTER TABLE `region` DISABLE KEYS */;
INSERT INTO `region` VALUES (1,'Arica y Parinacota','CL-AP','Arica'),(2,'Tarapacá','CL-TA','Arica'),(3,'Antofagasta','CL-AN','Antofagasta'),(4,'Atacama','CL-AT','Copiapo'),(5,'Coquimbo','CL-CO','La Serena'),(6,'Valparaíso','CL-VS','Valparaíso'),(7,'Región del Libertador Gral. Bernardo O\'Higgins','CL-LI','Rancagua'),(8,'Región del Maule','CL-ML','Talca'),(9,'Región del Biobío','CL-BI','Concepción'),(10,'Región del Ñuble','CL-NB','Chillán'),(11,'Región de la Araucanía','CL-AR','Temuco'),(12,'Región de los Ríos','CL-LR','Valdivia'),(13,'Región de los Lagos','CL-LL','Puerto Montt'),(14,'Región Aisén del Gral. Carlos Ibañez del Campo','CL-AI','Coyhaique'),(15,'Región de Magallanes y de la Antártica Chilena','CL-MA','Punta Arenas'),(16,'Región Metropolitana de Santiago','CL-RM','Santiago');
/*!40000 ALTER TABLE `region` ENABLE KEYS */;
UNLOCK TABLES;
/*!40103 SET TIME_ZONE=@OLD_TIME_ZONE */;

/*!40101 SET SQL_MODE=@OLD_SQL_MODE */;
/*!40014 SET FOREIGN_KEY_CHECKS=@OLD_FOREIGN_KEY_CHECKS */;
/*!40014 SET UNIQUE_CHECKS=@OLD_UNIQUE_CHECKS */;
/*!40101 SET CHARACTER_SET_CLIENT=@OLD_CHARACTER_SET_CLIENT */;
/*!40101 SET CHARACTER_SET_RESULTS=@OLD_CHARACTER_SET_RESULTS */;
/*!40101 SET COLLATION_CONNECTION=@OLD_COLLATION_CONNECTION */;
/*!40111 SET SQL_NOTES=@OLD_SQL_NOTES */;

-- Dump completed on 2024-05-22  0:18:42